{
  "api-gateway\\frontend-dist\\assets\\index-C5xOhtdB.js": 1771859844.0505583,
  "auth\\server.js": 1771859324.7025619,
  "auth\\src\\app.js": 1773919203.4197526,
  "auth\\src\\broker\\rabbit.js": 1771859324.7041404,
  "auth\\src\\config\\config.js": 1771859324.7051463,
  "auth\\src\\controllers\\auth.controller.js": 1773923815.4133906,
  "auth\\src\\db\\db.js": 1771859324.7061465,
  "auth\\src\\middlewares\\auth.middleware.js": 1771859324.7061465,
  "auth\\src\\middlewares\\validation.middleware.js": 1771859324.7061465,
  "auth\\src\\models\\otp.model.js": 1771859324.7076511,
  "auth\\src\\models\\user.model.js": 1771859324.70866,
  "auth\\src\\routers\\auth.routes.js": 1771859324.7096577,
  "Frontend\\eslint.config.js": 1771859322.1735177,
  "Frontend\\vite.config.js": 1771859322.1881132,
  "Frontend\\src\\App.jsx": 1773051963.7039225,
  "Frontend\\src\\main.jsx": 1775824657.552248,
  "Frontend\\src\\api\\axiosAuth.js": 1771859322.1766002,
  "Frontend\\src\\api\\axiosMusic.js": 1771859322.1776056,
  "Frontend\\src\\components\\AppLayout.jsx": 1771859322.1776056,
  "Frontend\\src\\components\\BottomNav.jsx": 1772014207.396523,
  "Frontend\\src\\components\\CreatePlaylistModal.jsx": 1771859322.1786044,
  "Frontend\\src\\components\\GuestRoute.jsx": 1772012460.6306195,
  "Frontend\\src\\components\\MainLayout.jsx": 1772014033.167514,
  "Frontend\\src\\components\\MobileSidebar.jsx": 1771859322.1786044,
  "Frontend\\src\\components\\Navbar.jsx": 1773930594.635749,
  "Frontend\\src\\components\\Player.jsx": 1772013974.5760489,
  "Frontend\\src\\components\\PlaylistCard.jsx": 1772014011.5683112,
  "Frontend\\src\\components\\ProtectedRoute.jsx": 1772012469.8551002,
  "Frontend\\src\\components\\ServerWakeUp.jsx": 1775825269.7581053,
  "Frontend\\src\\components\\Sidebar.jsx": 1771859322.1806054,
  "Frontend\\src\\components\\SidebarContent.jsx": 1772013972.5294278,
  "Frontend\\src\\components\\SongCard.jsx": 1772014009.5590882,
  "Frontend\\src\\context\\AuthContext.jsx": 1771859322.1816118,
  "Frontend\\src\\context\\PlayerContext.jsx": 1772015217.1227472,
  "Frontend\\src\\pages\\ArtistDashboard.jsx": 1772016047.5517626,
  "Frontend\\src\\pages\\Dashboard.jsx": 1771859322.183607,
  "Frontend\\src\\pages\\GoogleCallback.jsx": 1771859322.184605,
  "Frontend\\src\\pages\\Landing.jsx": 1772014691.3242307,
  "Frontend\\src\\pages\\Library.jsx": 1771859322.1856053,
  "Frontend\\src\\pages\\Login.jsx": 1772015578.4924295,
  "Frontend\\src\\pages\\PlaylistPage.jsx": 1771859322.1856053,
  "Frontend\\src\\pages\\Playlists.jsx": 1771859322.1856053,
  "Frontend\\src\\pages\\Register.jsx": 1772015580.5622509,
  "Frontend\\src\\store\\useModalStore.js": 1771859322.1881132,
  "music\\server.js": 1771859328.0972388,
  "music\\src\\app.js": 1773922635.5500228,
  "music\\src\\broker\\MusicSubscriber.js": 1771859328.0982392,
  "music\\src\\broker\\rabbit.js": 1771859328.099239,
  "music\\src\\config\\config.js": 1771859328.099239,
  "music\\src\\controller\\musicController.js": 1771859328.100239,
  "music\\src\\db\\db.js": 1771859328.100239,
  "music\\src\\middlewares\\auth.middleware.js": 1771859328.1012385,
  "music\\src\\models\\music.model.js": 1771859328.1022394,
  "music\\src\\models\\playlist.model.js": 1771859328.1022394,
  "music\\src\\router\\music.routes.js": 1771859328.1028275,
  "music\\src\\services\\musicLibraryService.js": 1771859328.1028275,
  "music\\src\\services\\storage.service.js": 1771859328.1038322,
  "notification\\server.js": 1771859326.5077155,
  "notification\\src\\app.js": 1773849478.89695,
  "notification\\src\\broker\\listner.js": 1771859326.5087204,
  "notification\\src\\broker\\Rabbit.js": 1771859326.5087204,
  "notification\\src\\config\\config.js": 1771859326.5087204,
  "notification\\src\\controllers\\notification.controller.js": 1771859326.5087204,
  "notification\\src\\routers\\notification.routes.js": 1771859326.510226,
  "notification\\src\\utils\\email.js": 1771859326.5112302,
  "comm.md": 1773924057.7588127,
  "README.md": 1773931490.680238,
  "README2.md": 1771859844.0145905,
  "readMeRabbitMQ.md": 1771859844.0181968,
  "Untitled-1.md": 1775824754.218228,
  "Frontend\\README.md": 1771859322.1725197,
  "Frontend\\public\\favicon.svg": 1773051945.5564313
}